company_name,industry,phone,address,city,email,revenue,id,score,insights
Wang Co,Real Estate,589-746-7675,4249 Oak Ave,Los Angeles,info@wangco.gmail.com,1753071,1,0.0,"real estate is a property consisting of land and the buildings on it, along with its natural resources such as growing crops (e.g. timber), minerals or water, and wild animals . in terms of law, real relates to land property and is different from personal property, while estate means the ""interest"" a person has in that land property, such as vehicles, boats, jewelry, furniture, tools, and rolling stock of a farm ."
"Barton, Corp",Technology,872-752-3476,5981 5th Ave,Miami,"info@barton,corp.hotmail.com",4013005,2,0.0,"technology is the application of conceptual knowledge to achieve practical goals . technology plays a critical role in science, engineering, and everyday life . technological advancements have led to significant changes in society ."
Houston Systems,Construction,350-904-1047,7350 Broadway,Miami,info@houstonsystems.hotmail.com,5182520,3,0.0,"construction industry contributes significantly to many countries' gross domestic products (GDP) in 2022, expenditure on construction industry exceeded $11 trillion a year, equivalent to about 13 percent of global GDP ."
Scott-Rodriguez Partners,Healthcare,352-807-7674,9059 Main St,New York,info@scott-rodriguezpartners.yahoo.com,7769509,4,0.0,"health care is the improvement or maintenance of health through prevention, diagnosis, treatment, amelioration or cure of disease, illness, injury, and other physical and mental impairments in people . access to health care may vary across countries, communities, and individuals . factors to consider in terms of health care access include financial limitations, geographical and l..."
"Myers, Corp",Retail,841-226-4191,1204 Main St,New York,"info@myers,corp.hotmail.com",6812448,5,0.0,"retailers are the final link in the supply chain from producers to consumers . retail markets and shops have a long history, dating back to antiquity . some of the earliest retailers were itinerant peddlers ."
Lewis-Brooks Corp,Real Estate,492-102-3426,5186 Lakeshore Dr,Boston,info@lewis-brookscorp.hotmail.com,3175807,6,0.0,"real estate is a property consisting of land and the buildings on it, along with its natural resources such as growing crops (e.g. timber), minerals or water, and wild animals . in terms of law, real relates to land property and is different from personal property, while estate means the ""interest"" a person has in that land property, such as vehicles, boats, jewelry, furniture, tools, and rolling stock of a farm ."
"Jones, Solutions",Technology,504-898-9518,7689 Pine Rd,Seattle,"info@jones,solutions.hotmail.com",4550795,7,0.0,"technology is the application of conceptual knowledge to achieve practical goals . technology plays a critical role in science, engineering, and everyday life . technological advancements have led to significant changes in society ."
"Flores, Corp",Healthcare,675-852-7818,5681 Broadway,Houston,"info@flores,corp.hotmail.com",8360273,8,0.0,"health care is the improvement or maintenance of health through prevention, diagnosis, treatment, amelioration or cure of disease, illness, injury, and other physical and mental impairments in people . access to health care may vary across countries, communities, and individuals . factors to consider in terms of health care access include financial limitations, geographical and l..."
Kelly Corp,Education,370-272-6140,7108 Main St,Miami,info@kellycorp.yahoo.com,6144907,9,0.0,"formal and non-formal education are categorized into levels, including early childhood education, primary education, secondary education, and tertiary education . the term ""education"" can denote the mental states and qualities of educated individuals and the academic field studying educational phenomena ."
"Edwards, Solutions",Education,704-806-3652,9662 Market St,Miami,"info@edwards,solutions.gmail.com",2681570,10,0.0,"formal and non-formal education are categorized into levels, including early childhood education, primary education, secondary education, and tertiary education . the term ""education"" can denote the mental states and qualities of educated individuals and the academic field studying educational phenomena ."
Olson-Poole LLC,Construction,428-663-4829,2447 Lakeshore Dr,Chicago,info@olson-poolellc.yahoo.com,8393481,11,0.0,"construction industry contributes significantly to many countries' gross domestic products (GDP) in 2022, expenditure on construction industry exceeded $11 trillion a year, equivalent to about 13 percent of global GDP ."
"Moore, Inc",Retail,948-289-3671,2521 5th Ave,Seattle,"info@moore,inc.hotmail.com",5015507,12,0.0,"retailers are the final link in the supply chain from producers to consumers . retail markets and shops have a long history, dating back to antiquity . some of the earliest retailers were itinerant peddlers ."
Rich Systems,Education,493-806-9905,7314 Lakeshore Dr,San Francisco,info@richsystems.yahoo.com,7429566,13,0.0,"formal and non-formal education are categorized into levels, including early childhood education, primary education, secondary education, and tertiary education . the term ""education"" can denote the mental states and qualities of educated individuals and the academic field studying educational phenomena ."
"Clark, Co",Education,667-196-9247,9907 Broadway,Houston,"info@clark,co.hotmail.com",8596835,14,0.0,"formal and non-formal education are categorized into levels, including early childhood education, primary education, secondary education, and tertiary education . the term ""education"" can denote the mental states and qualities of educated individuals and the academic field studying educational phenomena ."
"Moore, Group",Construction,563-100-9419,5560 Oak Ave,Chicago,"info@moore,group.yahoo.com",7085237,15,0.0,"construction industry contributes significantly to many countries' gross domestic products (GDP) in 2022, expenditure on construction industry exceeded $11 trillion a year, equivalent to about 13 percent of global GDP ."
"Walker, Systems",Technology,703-560-5839,9033 Market St,Seattle,"info@walker,systems.yahoo.com",9777341,16,0.0,"technology is the application of conceptual knowledge to achieve practical goals . technology plays a critical role in science, engineering, and everyday life . technological advancements have led to significant changes in society ."
Garcia-Powers Partners,Technology,272-786-2899,9581 Main St,New York,info@garcia-powerspartners.gmail.com,3624353,17,0.0,"technology is the application of conceptual knowledge to achieve practical goals . technology plays a critical role in science, engineering, and everyday life . technological advancements have led to significant changes in society ."
Williams Group,Healthcare,720-342-7126,7830 Broadway,San Francisco,info@williamsgroup.gmail.com,8499849,18,0.0,"health care is the improvement or maintenance of health through prevention, diagnosis, treatment, amelioration or cure of disease, illness, injury, and other physical and mental impairments in people . access to health care may vary across countries, communities, and individuals . factors to consider in terms of health care access include financial limitations, geographical and l..."
Nichols-Green Group,Retail,597-840-8881,8810 Broadway,Chicago,info@nichols-greengroup.hotmail.com,4323638,19,0.0,"retailers are the final link in the supply chain from producers to consumers . retail markets and shops have a long history, dating back to antiquity . some of the earliest retailers were itinerant peddlers ."
"Evans, Systems",Hospitality,581-268-4411,3035 Pine Rd,San Francisco,"info@evans,systems.hotmail.com",819332,20,0.0,"hospitality in the Encyclopédie is the virtue of a great soul that cares for the whole universe through the ties of humanity . hospitality plays a role in augmenting or decreasing the volume of sales of an organization . hospes is formed from hostis, which means ""stranger"" or ""enemy"""
"Williams, Corp",Healthcare,295-937-7630,9990 Oak Ave,Miami,"info@williams,corp.gmail.com",1690442,21,0.0,"health care is the improvement or maintenance of health through prevention, diagnosis, treatment, amelioration or cure of disease, illness, injury, and other physical and mental impairments in people . access to health care may vary across countries, communities, and individuals . factors to consider in terms of health care access include financial limitations, geographical and l..."
"Gilbert, Group",Education,287-911-6466,7494 Oak Ave,Miami,"info@gilbert,group.yahoo.com",9332593,22,0.0,"formal and non-formal education are categorized into levels, including early childhood education, primary education, secondary education, and tertiary education . the term ""education"" can denote the mental states and qualities of educated individuals and the academic field studying educational phenomena ."
Brown Inc,Real Estate,834-162-4850,9054 Oak Ave,Miami,info@browninc.yahoo.com,3778401,23,0.0,"real estate is a property consisting of land and the buildings on it, along with its natural resources such as growing crops (e.g. timber), minerals or water, and wild animals . in terms of law, real relates to land property and is different from personal property, while estate means the ""interest"" a person has in that land property, such as vehicles, boats, jewelry, furniture, tools, and rolling stock of a farm ."
Randall Inc,Retail,748-461-7754,9255 Main St,Seattle,info@randallinc.gmail.com,5413244,24,0.0,"retailers are the final link in the supply chain from producers to consumers . retail markets and shops have a long history, dating back to antiquity . some of the earliest retailers were itinerant peddlers ."
Sawyer Group,Education,558-320-2790,2903 Sunset Blvd,San Francisco,info@sawyergroup.yahoo.com,3368629,25,0.0,"formal and non-formal education are categorized into levels, including early childhood education, primary education, secondary education, and tertiary education . the term ""education"" can denote the mental states and qualities of educated individuals and the academic field studying educational phenomena ."
Graham Partners,Real Estate,719-692-9204,1323 Sunset Blvd,Seattle,info@grahampartners.yahoo.com,2484196,26,0.0,"real estate is a property consisting of land and the buildings on it, along with its natural resources such as growing crops (e.g. timber), minerals or water, and wild animals . in terms of law, real relates to land property and is different from personal property, while estate means the ""interest"" a person has in that land property, such as vehicles, boats, jewelry, furniture, tools, and rolling stock of a farm ."
"Schneider, Partners",Retail,318-270-4831,4895 Broadway,Chicago,"info@schneider,partners.gmail.com",5277475,27,0.0,"retailers are the final link in the supply chain from producers to consumers . retail markets and shops have a long history, dating back to antiquity . some of the earliest retailers were itinerant peddlers ."
Sloan-Barrett Partners,Technology,268-101-4593,7572 Pine Rd,Houston,info@sloan-barrettpartners.hotmail.com,8334174,28,0.0,"technology is the application of conceptual knowledge to achieve practical goals . technology plays a critical role in science, engineering, and everyday life . technological advancements have led to significant changes in society ."
"Waller, LLC",Education,242-414-9856,8448 Oak Ave,New York,"info@waller,llc.gmail.com",7994431,29,0.0,"formal and non-formal education are categorized into levels, including early childhood education, primary education, secondary education, and tertiary education . the term ""education"" can denote the mental states and qualities of educated individuals and the academic field studying educational phenomena ."
Murphy-Smith Corp,Finance,293-933-7023,4582 Broadway,San Francisco,info@murphy-smithcorp.gmail.com,2307643,30,0.0,"finance refers to monetary resources and to the study and discipline of money, currency, assets and liabilities . the discipline can be divided into personal, corporate, and public finance . assets can also be banked, invested, and insured to maximize value ."
Davis-Carroll Corp,Education,427-104-3340,3012 Lakeshore Dr,Seattle,info@davis-carrollcorp.gmail.com,2290652,31,0.0,"formal and non-formal education are categorized into levels, including early childhood education, primary education, secondary education, and tertiary education . the term ""education"" can denote the mental states and qualities of educated individuals and the academic field studying educational phenomena ."
"Robinson, LLC",Hospitality,827-750-7210,300 Oak Ave,San Francisco,"info@robinson,llc.hotmail.com",1412325,32,0.0,"hospitality in the Encyclopédie is the virtue of a great soul that cares for the whole universe through the ties of humanity . hospitality plays a role in augmenting or decreasing the volume of sales of an organization . hospes is formed from hostis, which means ""stranger"" or ""enemy"""
Garcia-Anderson Inc,Healthcare,755-201-5079,130 Pine Rd,Seattle,info@garcia-andersoninc.yahoo.com,1144260,33,0.0,"health care is the improvement or maintenance of health through prevention, diagnosis, treatment, amelioration or cure of disease, illness, injury, and other physical and mental impairments in people . access to health care may vary across countries, communities, and individuals . factors to consider in terms of health care access include financial limitations, geographical and l..."
Yates-Rice Partners,Healthcare,505-284-4139,4819 Broadway,Seattle,info@yates-ricepartners.hotmail.com,6097476,34,0.0,"health care is the improvement or maintenance of health through prevention, diagnosis, treatment, amelioration or cure of disease, illness, injury, and other physical and mental impairments in people . access to health care may vary across countries, communities, and individuals . factors to consider in terms of health care access include financial limitations, geographical and l..."
Gill Inc,Retail,979-383-1191,2137 Lakeshore Dr,San Francisco,info@gillinc.yahoo.com,8247056,35,0.0,"retailers are the final link in the supply chain from producers to consumers . retail markets and shops have a long history, dating back to antiquity . some of the earliest retailers were itinerant peddlers ."
"Fox, Corp",Construction,579-527-4017,6324 Broadway,Los Angeles,"info@fox,corp.gmail.com",8496835,36,0.0,"construction industry contributes significantly to many countries' gross domestic products (GDP) in 2022, expenditure on construction industry exceeded $11 trillion a year, equivalent to about 13 percent of global GDP ."
Thomas-Perry Systems,Technology,918-200-7398,2520 Broadway,Miami,info@thomas-perrysystems.gmail.com,7535974,37,0.0,"technology is the application of conceptual knowledge to achieve practical goals . technology plays a critical role in science, engineering, and everyday life . technological advancements have led to significant changes in society ."
Montes-Hill LLC,Real Estate,554-182-9516,1141 Main St,Houston,info@montes-hillllc.yahoo.com,1353421,38,0.0,"real estate is a property consisting of land and the buildings on it, along with its natural resources such as growing crops (e.g. timber), minerals or water, and wild animals . in terms of law, real relates to land property and is different from personal property, while estate means the ""interest"" a person has in that land property, such as vehicles, boats, jewelry, furniture, tools, and rolling stock of a farm ."
Lewis Corp,Real Estate,342-937-7708,8352 Pine Rd,Miami,info@lewiscorp.gmail.com,5897750,39,0.0,"real estate is a property consisting of land and the buildings on it, along with its natural resources such as growing crops (e.g. timber), minerals or water, and wild animals . in terms of law, real relates to land property and is different from personal property, while estate means the ""interest"" a person has in that land property, such as vehicles, boats, jewelry, furniture, tools, and rolling stock of a farm ."
Garcia LLC,Finance,608-379-3917,170 Broadway,Los Angeles,info@garciallc.yahoo.com,4269427,40,0.0,"finance refers to monetary resources and to the study and discipline of money, currency, assets and liabilities . the discipline can be divided into personal, corporate, and public finance . assets can also be banked, invested, and insured to maximize value ."
Benjamin Co,Real Estate,955-201-3579,5496 Oak Ave,Seattle,info@benjaminco.gmail.com,2197173,41,0.0,"real estate is a property consisting of land and the buildings on it, along with its natural resources such as growing crops (e.g. timber), minerals or water, and wild animals . in terms of law, real relates to land property and is different from personal property, while estate means the ""interest"" a person has in that land property, such as vehicles, boats, jewelry, furniture, tools, and rolling stock of a farm ."
Austin-Hill Systems,Technology,598-899-7102,5947 Pine Rd,Chicago,info@austin-hillsystems.yahoo.com,929505,42,0.0,"technology is the application of conceptual knowledge to achieve practical goals . technology plays a critical role in science, engineering, and everyday life . technological advancements have led to significant changes in society ."
"Wagner, Co",Construction,976-590-6190,4616 Oak Ave,San Francisco,"info@wagner,co.hotmail.com",128255,43,0.0,"construction industry contributes significantly to many countries' gross domestic products (GDP) in 2022, expenditure on construction industry exceeded $11 trillion a year, equivalent to about 13 percent of global GDP ."
Acosta-Garner Group,Finance,669-690-1529,8983 Pine Rd,Seattle,info@acosta-garnergroup.gmail.com,8646157,44,0.0,"finance refers to monetary resources and to the study and discipline of money, currency, assets and liabilities . the discipline can be divided into personal, corporate, and public finance . assets can also be banked, invested, and insured to maximize value ."
Kelley-Williams Systems,Technology,446-709-8006,495 Oak Ave,Los Angeles,info@kelley-williamssystems.yahoo.com,7842770,45,0.0,"technology is the application of conceptual knowledge to achieve practical goals . technology plays a critical role in science, engineering, and everyday life . technological advancements have led to significant changes in society ."
House-Nelson Systems,Technology,705-499-2907,4102 Broadway,Seattle,info@house-nelsonsystems.yahoo.com,170956,46,0.0,"technology is the application of conceptual knowledge to achieve practical goals . technology plays a critical role in science, engineering, and everyday life . technological advancements have led to significant changes in society ."
Lopez Corp,Construction,585-252-6653,962 5th Ave,Boston,info@lopezcorp.yahoo.com,9042628,47,0.0,"construction industry contributes significantly to many countries' gross domestic products (GDP) in 2022, expenditure on construction industry exceeded $11 trillion a year, equivalent to about 13 percent of global GDP ."
Rice-Williams Co,Retail,296-934-8036,8339 Oak Ave,Miami,info@rice-williamsco.hotmail.com,4107768,48,0.0,"retailers are the final link in the supply chain from producers to consumers . retail markets and shops have a long history, dating back to antiquity . some of the earliest retailers were itinerant peddlers ."
Walker-Ellis Co,Retail,492-145-4137,8227 Market St,New York,info@walker-ellisco.yahoo.com,4150121,49,0.0,"retailers are the final link in the supply chain from producers to consumers . retail markets and shops have a long history, dating back to antiquity . some of the earliest retailers were itinerant peddlers ."
Young Corp,Retail,642-874-7486,5458 5th Ave,Seattle,info@youngcorp.hotmail.com,3911522,50,0.0,"retailers are the final link in the supply chain from producers to consumers . retail markets and shops have a long history, dating back to antiquity . some of the earliest retailers were itinerant peddlers ."
Jackson-Harrell Co,Technology,257-689-4584,2077 Pine Rd,Boston,info@jackson-harrellco.yahoo.com,9325973,51,0.0,"technology is the application of conceptual knowledge to achieve practical goals . technology plays a critical role in science, engineering, and everyday life . technological advancements have led to significant changes in society ."
"Wilson, Co",Real Estate,739-703-7077,2206 Market St,Los Angeles,"info@wilson,co.gmail.com",8223680,52,0.0,"real estate is a property consisting of land and the buildings on it, along with its natural resources such as growing crops (e.g. timber), minerals or water, and wild animals . in terms of law, real relates to land property and is different from personal property, while estate means the ""interest"" a person has in that land property, such as vehicles, boats, jewelry, furniture, tools, and rolling stock of a farm ."
"Reed, Group",Technology,533-820-1738,463 5th Ave,Los Angeles,"info@reed,group.hotmail.com",1010380,53,0.0,"technology is the application of conceptual knowledge to achieve practical goals . technology plays a critical role in science, engineering, and everyday life . technological advancements have led to significant changes in society ."
Sanchez Systems,Education,683-589-2194,1238 Broadway,San Francisco,info@sanchezsystems.hotmail.com,5397963,54,0.0,"formal and non-formal education are categorized into levels, including early childhood education, primary education, secondary education, and tertiary education . the term ""education"" can denote the mental states and qualities of educated individuals and the academic field studying educational phenomena ."
Compton Group,Finance,977-470-3679,1293 Market St,Miami,info@comptongroup.hotmail.com,1466011,55,0.0,"finance refers to monetary resources and to the study and discipline of money, currency, assets and liabilities . the discipline can be divided into personal, corporate, and public finance . assets can also be banked, invested, and insured to maximize value ."
Ayala-Smith Partners,Technology,529-670-2339,8190 5th Ave,Boston,info@ayala-smithpartners.gmail.com,7986492,56,0.0,"technology is the application of conceptual knowledge to achieve practical goals . technology plays a critical role in science, engineering, and everyday life . technological advancements have led to significant changes in society ."
Thomas Partners,Finance,634-149-6538,5418 Broadway,Miami,info@thomaspartners.hotmail.com,6039944,57,0.0,"finance refers to monetary resources and to the study and discipline of money, currency, assets and liabilities . the discipline can be divided into personal, corporate, and public finance . assets can also be banked, invested, and insured to maximize value ."
"Welch, Solutions",Healthcare,479-272-4656,8265 Main St,Los Angeles,"info@welch,solutions.hotmail.com",705666,58,0.0,"health care is the improvement or maintenance of health through prevention, diagnosis, treatment, amelioration or cure of disease, illness, injury, and other physical and mental impairments in people . access to health care may vary across countries, communities, and individuals . factors to consider in terms of health care access include financial limitations, geographical and l..."
Palmer-Klein LLC,Education,883-803-4862,9994 Market St,Houston,info@palmer-kleinllc.gmail.com,2080633,59,0.0,"formal and non-formal education are categorized into levels, including early childhood education, primary education, secondary education, and tertiary education . the term ""education"" can denote the mental states and qualities of educated individuals and the academic field studying educational phenomena ."
Ho Partners,Real Estate,650-566-6060,6985 Lakeshore Dr,Los Angeles,info@hopartners.yahoo.com,3376010,60,0.0,"real estate is a property consisting of land and the buildings on it, along with its natural resources such as growing crops (e.g. timber), minerals or water, and wild animals . in terms of law, real relates to land property and is different from personal property, while estate means the ""interest"" a person has in that land property, such as vehicles, boats, jewelry, furniture, tools, and rolling stock of a farm ."
Walker Group,Education,824-360-7113,3606 Sunset Blvd,Boston,info@walkergroup.gmail.com,9183843,61,0.0,"formal and non-formal education are categorized into levels, including early childhood education, primary education, secondary education, and tertiary education . the term ""education"" can denote the mental states and qualities of educated individuals and the academic field studying educational phenomena ."
"Thompson, Solutions",Education,574-489-4969,1823 Main St,Boston,"info@thompson,solutions.gmail.com",3199192,62,0.0,"formal and non-formal education are categorized into levels, including early childhood education, primary education, secondary education, and tertiary education . the term ""education"" can denote the mental states and qualities of educated individuals and the academic field studying educational phenomena ."
Brown-Anderson Inc,Retail,994-623-9168,2451 Main St,Miami,info@brown-andersoninc.yahoo.com,9913063,63,0.0,"retailers are the final link in the supply chain from producers to consumers . retail markets and shops have a long history, dating back to antiquity . some of the earliest retailers were itinerant peddlers ."
"Adams, LLC",Construction,844-823-3652,4320 Broadway,San Francisco,"info@adams,llc.yahoo.com",4788308,64,0.0,"construction industry contributes significantly to many countries' gross domestic products (GDP) in 2022, expenditure on construction industry exceeded $11 trillion a year, equivalent to about 13 percent of global GDP ."
Snyder-Hughes Systems,Construction,806-819-4986,8062 Market St,Chicago,info@snyder-hughessystems.hotmail.com,7567698,65,0.0,"construction industry contributes significantly to many countries' gross domestic products (GDP) in 2022, expenditure on construction industry exceeded $11 trillion a year, equivalent to about 13 percent of global GDP ."
Allen-Cole Group,Education,946-431-8014,7821 Broadway,Seattle,info@allen-colegroup.gmail.com,4689447,66,0.0,"formal and non-formal education are categorized into levels, including early childhood education, primary education, secondary education, and tertiary education . the term ""education"" can denote the mental states and qualities of educated individuals and the academic field studying educational phenomena ."
Dixon LLC,Education,407-775-5536,3973 Pine Rd,Chicago,info@dixonllc.gmail.com,8622023,67,0.0,"formal and non-formal education are categorized into levels, including early childhood education, primary education, secondary education, and tertiary education . the term ""education"" can denote the mental states and qualities of educated individuals and the academic field studying educational phenomena ."
"Arias, Solutions",Real Estate,895-885-2178,2270 Lakeshore Dr,Miami,"info@arias,solutions.hotmail.com",8801256,68,0.0,"real estate is a property consisting of land and the buildings on it, along with its natural resources such as growing crops (e.g. timber), minerals or water, and wild animals . in terms of law, real relates to land property and is different from personal property, while estate means the ""interest"" a person has in that land property, such as vehicles, boats, jewelry, furniture, tools, and rolling stock of a farm ."
"Fitzgerald, Group",Finance,665-734-5910,2389 Sunset Blvd,Los Angeles,"info@fitzgerald,group.yahoo.com",1120184,69,0.0,"finance refers to monetary resources and to the study and discipline of money, currency, assets and liabilities . the discipline can be divided into personal, corporate, and public finance . assets can also be banked, invested, and insured to maximize value ."
"Cox, Inc",Finance,200-719-8270,622 Oak Ave,Los Angeles,"info@cox,inc.gmail.com",6869926,70,0.0,"finance refers to monetary resources and to the study and discipline of money, currency, assets and liabilities . the discipline can be divided into personal, corporate, and public finance . assets can also be banked, invested, and insured to maximize value ."
Sanford Inc,Education,486-717-7920,705 Broadway,Seattle,info@sanfordinc.yahoo.com,6192316,71,0.0,"formal and non-formal education are categorized into levels, including early childhood education, primary education, secondary education, and tertiary education . the term ""education"" can denote the mental states and qualities of educated individuals and the academic field studying educational phenomena ."
Shaw-Miller Solutions,Real Estate,457-555-9540,3079 Lakeshore Dr,Chicago,info@shaw-millersolutions.hotmail.com,3832500,72,0.0,"real estate is a property consisting of land and the buildings on it, along with its natural resources such as growing crops (e.g. timber), minerals or water, and wild animals . in terms of law, real relates to land property and is different from personal property, while estate means the ""interest"" a person has in that land property, such as vehicles, boats, jewelry, furniture, tools, and rolling stock of a farm ."
Harding-Elliott Inc,Hospitality,542-223-6833,5321 Lakeshore Dr,Los Angeles,info@harding-elliottinc.gmail.com,3697102,73,0.0,"hospitality in the Encyclopédie is the virtue of a great soul that cares for the whole universe through the ties of humanity . hospitality plays a role in augmenting or decreasing the volume of sales of an organization . hospes is formed from hostis, which means ""stranger"" or ""enemy"""
"Mills, Partners",Finance,754-357-1891,8961 Market St,San Francisco,"info@mills,partners.hotmail.com",5077281,74,0.0,"finance refers to monetary resources and to the study and discipline of money, currency, assets and liabilities . the discipline can be divided into personal, corporate, and public finance . assets can also be banked, invested, and insured to maximize value ."
"Jackson, Partners",Finance,499-562-6532,8810 Broadway,Chicago,"info@jackson,partners.hotmail.com",916887,75,0.0,"finance refers to monetary resources and to the study and discipline of money, currency, assets and liabilities . the discipline can be divided into personal, corporate, and public finance . assets can also be banked, invested, and insured to maximize value ."
Moore Group,Healthcare,881-704-6567,2612 Main St,San Francisco,info@mooregroup.yahoo.com,1529510,76,0.0,"health care is the improvement or maintenance of health through prevention, diagnosis, treatment, amelioration or cure of disease, illness, injury, and other physical and mental impairments in people . access to health care may vary across countries, communities, and individuals . factors to consider in terms of health care access include financial limitations, geographical and l..."
Horn Partners,Construction,756-764-2623,7017 Broadway,Los Angeles,info@hornpartners.gmail.com,463786,77,0.0,"construction industry contributes significantly to many countries' gross domestic products (GDP) in 2022, expenditure on construction industry exceeded $11 trillion a year, equivalent to about 13 percent of global GDP ."
Schultz-Collier LLC,Finance,437-617-9841,9788 Sunset Blvd,Seattle,info@schultz-collierllc.yahoo.com,7656495,78,0.0,"finance refers to monetary resources and to the study and discipline of money, currency, assets and liabilities . the discipline can be divided into personal, corporate, and public finance . assets can also be banked, invested, and insured to maximize value ."
Taylor Solutions,Healthcare,335-142-9391,679 Lakeshore Dr,Boston,info@taylorsolutions.hotmail.com,2442112,79,0.0,"health care is the improvement or maintenance of health through prevention, diagnosis, treatment, amelioration or cure of disease, illness, injury, and other physical and mental impairments in people . access to health care may vary across countries, communities, and individuals . factors to consider in terms of health care access include financial limitations, geographical and l..."
"Barnes, Co",Real Estate,857-215-5155,347 Main St,Seattle,"info@barnes,co.yahoo.com",4239201,80,0.0,"real estate is a property consisting of land and the buildings on it, along with its natural resources such as growing crops (e.g. timber), minerals or water, and wild animals . in terms of law, real relates to land property and is different from personal property, while estate means the ""interest"" a person has in that land property, such as vehicles, boats, jewelry, furniture, tools, and rolling stock of a farm ."
Taylor-Banks Solutions,Technology,910-196-3969,3234 Sunset Blvd,Los Angeles,info@taylor-bankssolutions.yahoo.com,7677579,81,0.0,"technology is the application of conceptual knowledge to achieve practical goals . technology plays a critical role in science, engineering, and everyday life . technological advancements have led to significant changes in society ."
Brown-Livingston Group,Construction,379-923-8519,6288 Sunset Blvd,New York,info@brown-livingstongroup.gmail.com,7246003,82,0.0,"construction industry contributes significantly to many countries' gross domestic products (GDP) in 2022, expenditure on construction industry exceeded $11 trillion a year, equivalent to about 13 percent of global GDP ."
Berry Inc,Retail,214-510-7387,4656 5th Ave,Boston,info@berryinc.gmail.com,9935586,83,0.0,"retailers are the final link in the supply chain from producers to consumers . retail markets and shops have a long history, dating back to antiquity . some of the earliest retailers were itinerant peddlers ."
Terrell-Allen Inc,Real Estate,253-785-9005,1369 Oak Ave,San Francisco,info@terrell-alleninc.hotmail.com,6797749,84,0.0,"real estate is a property consisting of land and the buildings on it, along with its natural resources such as growing crops (e.g. timber), minerals or water, and wild animals . in terms of law, real relates to land property and is different from personal property, while estate means the ""interest"" a person has in that land property, such as vehicles, boats, jewelry, furniture, tools, and rolling stock of a farm ."
Rojas-Williamson Solutions,Finance,509-596-4644,2372 Broadway,New York,info@rojas-williamsonsolutions.hotmail.com,8177307,85,0.0,"finance refers to monetary resources and to the study and discipline of money, currency, assets and liabilities . the discipline can be divided into personal, corporate, and public finance . assets can also be banked, invested, and insured to maximize value ."
"Swanson, Solutions",Technology,633-516-5460,9725 Pine Rd,Boston,"info@swanson,solutions.gmail.com",7810129,86,0.0,"technology is the application of conceptual knowledge to achieve practical goals . technology plays a critical role in science, engineering, and everyday life . technological advancements have led to significant changes in society ."
Parker-Moreno Corp,Finance,314-573-9634,5070 Main St,Seattle,info@parker-morenocorp.gmail.com,8704833,87,0.0,"finance refers to monetary resources and to the study and discipline of money, currency, assets and liabilities . the discipline can be divided into personal, corporate, and public finance . assets can also be banked, invested, and insured to maximize value ."
Mcdonald Systems,Hospitality,303-187-8855,5602 5th Ave,Miami,info@mcdonaldsystems.yahoo.com,4684466,88,0.0,"hospitality in the Encyclopédie is the virtue of a great soul that cares for the whole universe through the ties of humanity . hospitality plays a role in augmenting or decreasing the volume of sales of an organization . hospes is formed from hostis, which means ""stranger"" or ""enemy"""
Gallagher Corp,Finance,722-232-6524,2426 Lakeshore Dr,Boston,info@gallaghercorp.yahoo.com,8638213,89,0.0,"finance refers to monetary resources and to the study and discipline of money, currency, assets and liabilities . the discipline can be divided into personal, corporate, and public finance . assets can also be banked, invested, and insured to maximize value ."
Fitzpatrick Systems,Technology,602-214-9434,998 Lakeshore Dr,San Francisco,info@fitzpatricksystems.gmail.com,9556425,90,0.0,"technology is the application of conceptual knowledge to achieve practical goals . technology plays a critical role in science, engineering, and everyday life . technological advancements have led to significant changes in society ."
Rivera-Mclean Inc,Retail,319-557-6809,6412 Oak Ave,Houston,info@rivera-mcleaninc.hotmail.com,4526160,91,0.0,"retailers are the final link in the supply chain from producers to consumers . retail markets and shops have a long history, dating back to antiquity . some of the earliest retailers were itinerant peddlers ."
Price-Haley LLC,Technology,725-197-3131,7092 Oak Ave,Seattle,info@price-haleyllc.hotmail.com,9895362,92,0.0,"technology is the application of conceptual knowledge to achieve practical goals . technology plays a critical role in science, engineering, and everyday life . technological advancements have led to significant changes in society ."
Arnold-Pena Inc,Finance,458-387-3667,6811 Lakeshore Dr,Houston,info@arnold-penainc.yahoo.com,8357280,93,0.0,"finance refers to monetary resources and to the study and discipline of money, currency, assets and liabilities . the discipline can be divided into personal, corporate, and public finance . assets can also be banked, invested, and insured to maximize value ."
Miller LLC,Finance,875-742-7945,7304 5th Ave,Los Angeles,info@millerllc.hotmail.com,1258035,94,0.0,"finance refers to monetary resources and to the study and discipline of money, currency, assets and liabilities . the discipline can be divided into personal, corporate, and public finance . assets can also be banked, invested, and insured to maximize value ."
Mathews LLC,Finance,789-709-6165,5912 5th Ave,Houston,info@mathewsllc.yahoo.com,8773511,95,0.0,"finance refers to monetary resources and to the study and discipline of money, currency, assets and liabilities . the discipline can be divided into personal, corporate, and public finance . assets can also be banked, invested, and insured to maximize value ."
"Mora, Solutions",Healthcare,672-822-9842,4184 Broadway,Houston,"info@mora,solutions.gmail.com",4546791,96,0.0,"health care is the improvement or maintenance of health through prevention, diagnosis, treatment, amelioration or cure of disease, illness, injury, and other physical and mental impairments in people . access to health care may vary across countries, communities, and individuals . factors to consider in terms of health care access include financial limitations, geographical and l..."
"Wang, Systems",Finance,350-517-6371,9639 Broadway,Los Angeles,"info@wang,systems.hotmail.com",766821,97,0.0,"finance refers to monetary resources and to the study and discipline of money, currency, assets and liabilities . the discipline can be divided into personal, corporate, and public finance . assets can also be banked, invested, and insured to maximize value ."
Kelly Inc,Technology,853-433-9681,2990 Market St,Houston,info@kellyinc.hotmail.com,7123725,98,0.0,"technology is the application of conceptual knowledge to achieve practical goals . technology plays a critical role in science, engineering, and everyday life . technological advancements have led to significant changes in society ."
"Mills, Inc",Hospitality,549-397-7234,8836 Pine Rd,Miami,"info@mills,inc.gmail.com",6262382,99,0.0,"hospitality in the Encyclopédie is the virtue of a great soul that cares for the whole universe through the ties of humanity . hospitality plays a role in augmenting or decreasing the volume of sales of an organization . hospes is formed from hostis, which means ""stranger"" or ""enemy"""
Moreno-Washington Solutions,Real Estate,993-789-2499,7029 5th Ave,Houston,info@moreno-washingtonsolutions.yahoo.com,7861209,100,0.0,"real estate is a property consisting of land and the buildings on it, along with its natural resources such as growing crops (e.g. timber), minerals or water, and wild animals . in terms of law, real relates to land property and is different from personal property, while estate means the ""interest"" a person has in that land property, such as vehicles, boats, jewelry, furniture, tools, and rolling stock of a farm ."
"Mcdonald, Corp",Construction,503-185-7851,1582 Market St,Boston,"info@mcdonald,corp.hotmail.com",5155945,101,0.0,"construction industry contributes significantly to many countries' gross domestic products (GDP) in 2022, expenditure on construction industry exceeded $11 trillion a year, equivalent to about 13 percent of global GDP ."
"Perez, LLC",Construction,955-935-8040,3520 Market St,Miami,"info@perez,llc.hotmail.com",2743438,102,0.0,"construction industry contributes significantly to many countries' gross domestic products (GDP) in 2022, expenditure on construction industry exceeded $11 trillion a year, equivalent to about 13 percent of global GDP ."
Roberts-Lambert Systems,Finance,940-450-3622,6450 Broadway,Houston,info@roberts-lambertsystems.yahoo.com,5489083,103,0.0,"finance refers to monetary resources and to the study and discipline of money, currency, assets and liabilities . the discipline can be divided into personal, corporate, and public finance . assets can also be banked, invested, and insured to maximize value ."
Elliott Systems,Finance,992-758-9386,832 5th Ave,Houston,info@elliottsystems.gmail.com,3401589,104,0.0,"finance refers to monetary resources and to the study and discipline of money, currency, assets and liabilities . the discipline can be divided into personal, corporate, and public finance . assets can also be banked, invested, and insured to maximize value ."
"Solomon, Inc",Education,733-692-7742,7709 5th Ave,Miami,"info@solomon,inc.yahoo.com",2459308,105,0.0,"formal and non-formal education are categorized into levels, including early childhood education, primary education, secondary education, and tertiary education . the term ""education"" can denote the mental states and qualities of educated individuals and the academic field studying educational phenomena ."
Davis-Good Partners,Construction,340-831-2891,5429 Broadway,Houston,info@davis-goodpartners.yahoo.com,1104058,106,0.0,"construction industry contributes significantly to many countries' gross domestic products (GDP) in 2022, expenditure on construction industry exceeded $11 trillion a year, equivalent to about 13 percent of global GDP ."
Kirk Co,Technology,455-353-3029,9726 Lakeshore Dr,Los Angeles,info@kirkco.yahoo.com,3224752,107,0.0,"technology is the application of conceptual knowledge to achieve practical goals . technology plays a critical role in science, engineering, and everyday life . technological advancements have led to significant changes in society ."
Scott-Gonzalez Co,Healthcare,577-799-5512,9657 Broadway,Miami,info@scott-gonzalezco.yahoo.com,3647769,108,0.0,"health care is the improvement or maintenance of health through prevention, diagnosis, treatment, amelioration or cure of disease, illness, injury, and other physical and mental impairments in people . access to health care may vary across countries, communities, and individuals . factors to consider in terms of health care access include financial limitations, geographical and l..."
Miller-Wolf LLC,Hospitality,419-814-5685,5777 Lakeshore Dr,Miami,info@miller-wolfllc.yahoo.com,5105328,109,0.0,"hospitality in the Encyclopédie is the virtue of a great soul that cares for the whole universe through the ties of humanity . hospitality plays a role in augmenting or decreasing the volume of sales of an organization . hospes is formed from hostis, which means ""stranger"" or ""enemy"""
Holt Systems,Technology,271-559-5431,4391 Sunset Blvd,Houston,info@holtsystems.yahoo.com,172548,110,0.0,"technology is the application of conceptual knowledge to achieve practical goals . technology plays a critical role in science, engineering, and everyday life . technological advancements have led to significant changes in society ."
Lara Corp,Healthcare,642-963-1213,1712 Lakeshore Dr,San Francisco,info@laracorp.yahoo.com,2149155,111,0.0,"health care is the improvement or maintenance of health through prevention, diagnosis, treatment, amelioration or cure of disease, illness, injury, and other physical and mental impairments in people . access to health care may vary across countries, communities, and individuals . factors to consider in terms of health care access include financial limitations, geographical and l..."
Thomas Corp,Hospitality,483-878-1837,4906 Broadway,Seattle,info@thomascorp.yahoo.com,4232270,112,0.0,"hospitality in the Encyclopédie is the virtue of a great soul that cares for the whole universe through the ties of humanity . hospitality plays a role in augmenting or decreasing the volume of sales of an organization . hospes is formed from hostis, which means ""stranger"" or ""enemy"""
Reid-Gray Partners,Technology,531-929-1250,3318 Market St,Chicago,info@reid-graypartners.yahoo.com,7018303,113,0.0,"technology is the application of conceptual knowledge to achieve practical goals . technology plays a critical role in science, engineering, and everyday life . technological advancements have led to significant changes in society ."
Macdonald-Bell Systems,Retail,655-779-8436,6694 Market St,San Francisco,info@macdonald-bellsystems.yahoo.com,2829727,114,0.0,"retailers are the final link in the supply chain from producers to consumers . retail markets and shops have a long history, dating back to antiquity . some of the earliest retailers were itinerant peddlers ."
Holmes-Middleton Corp,Education,684-295-6580,1816 Broadway,Chicago,info@holmes-middletoncorp.gmail.com,8159156,115,0.0,"formal and non-formal education are categorized into levels, including early childhood education, primary education, secondary education, and tertiary education . the term ""education"" can denote the mental states and qualities of educated individuals and the academic field studying educational phenomena ."
Fernandez Systems,Healthcare,717-929-7384,7554 Lakeshore Dr,Miami,info@fernandezsystems.gmail.com,5892313,116,0.0,"health care is the improvement or maintenance of health through prevention, diagnosis, treatment, amelioration or cure of disease, illness, injury, and other physical and mental impairments in people . access to health care may vary across countries, communities, and individuals . factors to consider in terms of health care access include financial limitations, geographical and l..."
Cruz LLC,Technology,747-328-5671,5198 Sunset Blvd,New York,info@cruzllc.hotmail.com,4066702,117,0.0,"technology is the application of conceptual knowledge to achieve practical goals . technology plays a critical role in science, engineering, and everyday life . technological advancements have led to significant changes in society ."
Fuentes Systems,Healthcare,652-954-5948,2214 Broadway,Los Angeles,info@fuentessystems.gmail.com,830901,118,0.0,"health care is the improvement or maintenance of health through prevention, diagnosis, treatment, amelioration or cure of disease, illness, injury, and other physical and mental impairments in people . access to health care may vary across countries, communities, and individuals . factors to consider in terms of health care access include financial limitations, geographical and l..."
Banks-Mccullough Solutions,Hospitality,216-438-3272,6336 Broadway,Miami,info@banks-mcculloughsolutions.gmail.com,7317652,119,0.0,"hospitality in the Encyclopédie is the virtue of a great soul that cares for the whole universe through the ties of humanity . hospitality plays a role in augmenting or decreasing the volume of sales of an organization . hospes is formed from hostis, which means ""stranger"" or ""enemy"""
"Friedman, Partners",Real Estate,664-108-9410,497 Main St,Miami,"info@friedman,partners.yahoo.com",6019720,120,0.0,"real estate is a property consisting of land and the buildings on it, along with its natural resources such as growing crops (e.g. timber), minerals or water, and wild animals . in terms of law, real relates to land property and is different from personal property, while estate means the ""interest"" a person has in that land property, such as vehicles, boats, jewelry, furniture, tools, and rolling stock of a farm ."
Smith-Herring LLC,Construction,262-871-5207,333 Sunset Blvd,Seattle,info@smith-herringllc.gmail.com,4923512,121,0.0,"construction industry contributes significantly to many countries' gross domestic products (GDP) in 2022, expenditure on construction industry exceeded $11 trillion a year, equivalent to about 13 percent of global GDP ."
Higgins-Fisher Partners,Retail,705-135-5301,6947 Market St,Seattle,info@higgins-fisherpartners.hotmail.com,9076190,122,0.0,"retailers are the final link in the supply chain from producers to consumers . retail markets and shops have a long history, dating back to antiquity . some of the earliest retailers were itinerant peddlers ."
Townsend Systems,Finance,511-858-3326,774 Market St,Chicago,info@townsendsystems.yahoo.com,4354742,123,0.0,"finance refers to monetary resources and to the study and discipline of money, currency, assets and liabilities . the discipline can be divided into personal, corporate, and public finance . assets can also be banked, invested, and insured to maximize value ."
"Hernandez, Group",Real Estate,546-703-8965,5212 Pine Rd,Seattle,"info@hernandez,group.gmail.com",1181442,124,0.0,"real estate is a property consisting of land and the buildings on it, along with its natural resources such as growing crops (e.g. timber), minerals or water, and wild animals . in terms of law, real relates to land property and is different from personal property, while estate means the ""interest"" a person has in that land property, such as vehicles, boats, jewelry, furniture, tools, and rolling stock of a farm ."
Wilson Corp,Healthcare,812-896-1858,8641 Main St,Los Angeles,info@wilsoncorp.gmail.com,8369852,125,0.0,"health care is the improvement or maintenance of health through prevention, diagnosis, treatment, amelioration or cure of disease, illness, injury, and other physical and mental impairments in people . access to health care may vary across countries, communities, and individuals . factors to consider in terms of health care access include financial limitations, geographical and l..."
Griffith Inc,Healthcare,747-237-7555,2228 Broadway,Boston,info@griffithinc.yahoo.com,3228058,126,0.0,"health care is the improvement or maintenance of health through prevention, diagnosis, treatment, amelioration or cure of disease, illness, injury, and other physical and mental impairments in people . access to health care may vary across countries, communities, and individuals . factors to consider in terms of health care access include financial limitations, geographical and l..."
Pacheco-Patterson Systems,Healthcare,507-317-1462,8837 Pine Rd,Seattle,info@pacheco-pattersonsystems.yahoo.com,9780514,127,0.0,"health care is the improvement or maintenance of health through prevention, diagnosis, treatment, amelioration or cure of disease, illness, injury, and other physical and mental impairments in people . access to health care may vary across countries, communities, and individuals . factors to consider in terms of health care access include financial limitations, geographical and l..."
Kelly-Reeves LLC,Hospitality,669-390-6223,4708 5th Ave,Seattle,info@kelly-reevesllc.hotmail.com,8016099,128,0.0,"hospitality in the Encyclopédie is the virtue of a great soul that cares for the whole universe through the ties of humanity . hospitality plays a role in augmenting or decreasing the volume of sales of an organization . hospes is formed from hostis, which means ""stranger"" or ""enemy"""
Sanders-Green Partners,Real Estate,977-398-3614,2420 Broadway,Boston,info@sanders-greenpartners.hotmail.com,8028127,129,0.0,"real estate is a property consisting of land and the buildings on it, along with its natural resources such as growing crops (e.g. timber), minerals or water, and wild animals . in terms of law, real relates to land property and is different from personal property, while estate means the ""interest"" a person has in that land property, such as vehicles, boats, jewelry, furniture, tools, and rolling stock of a farm ."
"Long, Partners",Construction,509-579-7558,1783 Market St,New York,"info@long,partners.gmail.com",8896092,130,0.0,"construction industry contributes significantly to many countries' gross domestic products (GDP) in 2022, expenditure on construction industry exceeded $11 trillion a year, equivalent to about 13 percent of global GDP ."
Lee-Edwards Inc,Healthcare,725-948-5624,9630 Lakeshore Dr,Miami,info@lee-edwardsinc.gmail.com,7226060,131,0.0,"health care is the improvement or maintenance of health through prevention, diagnosis, treatment, amelioration or cure of disease, illness, injury, and other physical and mental impairments in people . access to health care may vary across countries, communities, and individuals . factors to consider in terms of health care access include financial limitations, geographical and l..."
Murray-Le Inc,Healthcare,922-773-5768,4239 Broadway,San Francisco,info@murray-leinc.gmail.com,3274746,132,0.0,"health care is the improvement or maintenance of health through prevention, diagnosis, treatment, amelioration or cure of disease, illness, injury, and other physical and mental impairments in people . access to health care may vary across countries, communities, and individuals . factors to consider in terms of health care access include financial limitations, geographical and l..."
"Garcia, Co",Technology,717-649-2866,3584 Sunset Blvd,Los Angeles,"info@garcia,co.hotmail.com",642783,133,0.0,"technology is the application of conceptual knowledge to achieve practical goals . technology plays a critical role in science, engineering, and everyday life . technological advancements have led to significant changes in society ."
White Co,Technology,961-405-6879,9104 Market St,San Francisco,info@whiteco.yahoo.com,4377638,134,0.0,"technology is the application of conceptual knowledge to achieve practical goals . technology plays a critical role in science, engineering, and everyday life . technological advancements have led to significant changes in society ."
"Romero, Inc",Construction,444-861-2001,8556 Main St,New York,"info@romero,inc.hotmail.com",5105276,135,0.0,"construction industry contributes significantly to many countries' gross domestic products (GDP) in 2022, expenditure on construction industry exceeded $11 trillion a year, equivalent to about 13 percent of global GDP ."
Byrd Co,Education,598-819-6936,8389 Lakeshore Dr,Los Angeles,info@byrdco.gmail.com,6226740,136,0.0,"formal and non-formal education are categorized into levels, including early childhood education, primary education, secondary education, and tertiary education . the term ""education"" can denote the mental states and qualities of educated individuals and the academic field studying educational phenomena ."
"Schaefer, Solutions",Finance,238-503-6996,6345 Pine Rd,San Francisco,"info@schaefer,solutions.yahoo.com",798536,137,0.0,"finance refers to monetary resources and to the study and discipline of money, currency, assets and liabilities . the discipline can be divided into personal, corporate, and public finance . assets can also be banked, invested, and insured to maximize value ."
Martinez-Castro Group,Hospitality,612-714-3324,2961 Lakeshore Dr,Chicago,info@martinez-castrogroup.gmail.com,8329646,138,0.0,"hospitality in the Encyclopédie is the virtue of a great soul that cares for the whole universe through the ties of humanity . hospitality plays a role in augmenting or decreasing the volume of sales of an organization . hospes is formed from hostis, which means ""stranger"" or ""enemy"""
Singh-Armstrong Co,Education,709-133-6066,8009 5th Ave,Miami,info@singh-armstrongco.gmail.com,2797056,139,0.0,"formal and non-formal education are categorized into levels, including early childhood education, primary education, secondary education, and tertiary education . the term ""education"" can denote the mental states and qualities of educated individuals and the academic field studying educational phenomena ."
"Robinson, Inc",Real Estate,274-345-7950,4410 Oak Ave,Seattle,"info@robinson,inc.gmail.com",8679945,140,0.0,"real estate is a property consisting of land and the buildings on it, along with its natural resources such as growing crops (e.g. timber), minerals or water, and wild animals . in terms of law, real relates to land property and is different from personal property, while estate means the ""interest"" a person has in that land property, such as vehicles, boats, jewelry, furniture, tools, and rolling stock of a farm ."
Hartman Inc,Real Estate,445-480-5314,7205 Broadway,Miami,info@hartmaninc.hotmail.com,7125626,141,0.0,"real estate is a property consisting of land and the buildings on it, along with its natural resources such as growing crops (e.g. timber), minerals or water, and wild animals . in terms of law, real relates to land property and is different from personal property, while estate means the ""interest"" a person has in that land property, such as vehicles, boats, jewelry, furniture, tools, and rolling stock of a farm ."
Rodgers-Moore Corp,Real Estate,905-554-8032,9312 5th Ave,Boston,info@rodgers-moorecorp.yahoo.com,5281606,142,0.0,"real estate is a property consisting of land and the buildings on it, along with its natural resources such as growing crops (e.g. timber), minerals or water, and wild animals . in terms of law, real relates to land property and is different from personal property, while estate means the ""interest"" a person has in that land property, such as vehicles, boats, jewelry, furniture, tools, and rolling stock of a farm ."
Manning-Richardson LLC,Technology,954-613-9388,6386 Pine Rd,Houston,info@manning-richardsonllc.hotmail.com,4047580,143,0.0,"technology is the application of conceptual knowledge to achieve practical goals . technology plays a critical role in science, engineering, and everyday life . technological advancements have led to significant changes in society ."
"Woods, LLC",Education,358-522-8168,4415 5th Ave,Houston,"info@woods,llc.gmail.com",4002181,144,0.0,"formal and non-formal education are categorized into levels, including early childhood education, primary education, secondary education, and tertiary education . the term ""education"" can denote the mental states and qualities of educated individuals and the academic field studying educational phenomena ."
"Murphy, Corp",Retail,894-557-1320,6878 5th Ave,Miami,"info@murphy,corp.yahoo.com",1039749,145,0.0,"retailers are the final link in the supply chain from producers to consumers . retail markets and shops have a long history, dating back to antiquity . some of the earliest retailers were itinerant peddlers ."
"Oconnor, LLC",Construction,405-430-6854,4432 Oak Ave,Boston,"info@oconnor,llc.yahoo.com",6350161,146,0.0,"construction industry contributes significantly to many countries' gross domestic products (GDP) in 2022, expenditure on construction industry exceeded $11 trillion a year, equivalent to about 13 percent of global GDP ."
"Roberts, Partners",Technology,575-879-9291,5075 Market St,Boston,"info@roberts,partners.hotmail.com",7404825,147,0.0,"technology is the application of conceptual knowledge to achieve practical goals . technology plays a critical role in science, engineering, and everyday life . technological advancements have led to significant changes in society ."
"Harris, Co",Real Estate,493-882-3761,3678 Main St,Los Angeles,"info@harris,co.yahoo.com",339288,148,0.0,"real estate is a property consisting of land and the buildings on it, along with its natural resources such as growing crops (e.g. timber), minerals or water, and wild animals . in terms of law, real relates to land property and is different from personal property, while estate means the ""interest"" a person has in that land property, such as vehicles, boats, jewelry, furniture, tools, and rolling stock of a farm ."
David-Torres Solutions,Real Estate,577-613-2701,2516 5th Ave,Chicago,info@david-torressolutions.yahoo.com,637339,149,0.0,"real estate is a property consisting of land and the buildings on it, along with its natural resources such as growing crops (e.g. timber), minerals or water, and wild animals . in terms of law, real relates to land property and is different from personal property, while estate means the ""interest"" a person has in that land property, such as vehicles, boats, jewelry, furniture, tools, and rolling stock of a farm ."
Manning Co,Healthcare,236-975-4055,4982 Pine Rd,New York,info@manningco.gmail.com,9002024,150,0.0,"health care is the improvement or maintenance of health through prevention, diagnosis, treatment, amelioration or cure of disease, illness, injury, and other physical and mental impairments in people . access to health care may vary across countries, communities, and individuals . factors to consider in terms of health care access include financial limitations, geographical and l..."
Perkins Group,Finance,468-398-3410,6445 Pine Rd,San Francisco,info@perkinsgroup.hotmail.com,1998059,151,0.0,"finance refers to monetary resources and to the study and discipline of money, currency, assets and liabilities . the discipline can be divided into personal, corporate, and public finance . assets can also be banked, invested, and insured to maximize value ."
Reed-White Systems,Real Estate,802-446-2444,8866 Market St,Los Angeles,info@reed-whitesystems.yahoo.com,9052680,152,0.0,"real estate is a property consisting of land and the buildings on it, along with its natural resources such as growing crops (e.g. timber), minerals or water, and wild animals . in terms of law, real relates to land property and is different from personal property, while estate means the ""interest"" a person has in that land property, such as vehicles, boats, jewelry, furniture, tools, and rolling stock of a farm ."
Smith-Hoffman Partners,Technology,996-108-9114,5124 Oak Ave,Houston,info@smith-hoffmanpartners.yahoo.com,6114141,153,0.0,"technology is the application of conceptual knowledge to achieve practical goals . technology plays a critical role in science, engineering, and everyday life . technological advancements have led to significant changes in society ."
Davis Corp,Technology,855-856-1028,2234 Pine Rd,Houston,info@daviscorp.yahoo.com,7407073,154,0.0,"technology is the application of conceptual knowledge to achieve practical goals . technology plays a critical role in science, engineering, and everyday life . technological advancements have led to significant changes in society ."
Miller Systems,Retail,523-281-6081,6621 Pine Rd,San Francisco,info@millersystems.gmail.com,9687381,155,0.0,"retailers are the final link in the supply chain from producers to consumers . retail markets and shops have a long history, dating back to antiquity . some of the earliest retailers were itinerant peddlers ."
Macias LLC,Healthcare,216-123-1522,3559 Broadway,Seattle,info@maciasllc.gmail.com,8920081,156,0.0,"health care is the improvement or maintenance of health through prevention, diagnosis, treatment, amelioration or cure of disease, illness, injury, and other physical and mental impairments in people . access to health care may vary across countries, communities, and individuals . factors to consider in terms of health care access include financial limitations, geographical and l..."
Irwin Partners,Healthcare,986-431-7569,6886 Pine Rd,New York,info@irwinpartners.gmail.com,9046750,157,0.0,"health care is the improvement or maintenance of health through prevention, diagnosis, treatment, amelioration or cure of disease, illness, injury, and other physical and mental impairments in people . access to health care may vary across countries, communities, and individuals . factors to consider in terms of health care access include financial limitations, geographical and l..."
"Green, Systems",Finance,664-386-4652,2471 Pine Rd,San Francisco,"info@green,systems.hotmail.com",6818978,158,0.0,"finance refers to monetary resources and to the study and discipline of money, currency, assets and liabilities . the discipline can be divided into personal, corporate, and public finance . assets can also be banked, invested, and insured to maximize value ."
Holmes LLC,Finance,454-275-3964,2332 Pine Rd,San Francisco,info@holmesllc.gmail.com,906041,159,0.0,"finance refers to monetary resources and to the study and discipline of money, currency, assets and liabilities . the discipline can be divided into personal, corporate, and public finance . assets can also be banked, invested, and insured to maximize value ."
Shah Co,Construction,797-296-5416,7451 Main St,Seattle,info@shahco.yahoo.com,3234152,160,0.0,"construction industry contributes significantly to many countries' gross domestic products (GDP) in 2022, expenditure on construction industry exceeded $11 trillion a year, equivalent to about 13 percent of global GDP ."
"Robertson, Co",Real Estate,329-963-9268,4668 Sunset Blvd,New York,"info@robertson,co.hotmail.com",492217,161,0.0,"real estate is a property consisting of land and the buildings on it, along with its natural resources such as growing crops (e.g. timber), minerals or water, and wild animals . in terms of law, real relates to land property and is different from personal property, while estate means the ""interest"" a person has in that land property, such as vehicles, boats, jewelry, furniture, tools, and rolling stock of a farm ."
Soto-Martinez LLC,Real Estate,927-862-6655,7702 5th Ave,San Francisco,info@soto-martinezllc.gmail.com,5224134,162,0.0,"real estate is a property consisting of land and the buildings on it, along with its natural resources such as growing crops (e.g. timber), minerals or water, and wild animals . in terms of law, real relates to land property and is different from personal property, while estate means the ""interest"" a person has in that land property, such as vehicles, boats, jewelry, furniture, tools, and rolling stock of a farm ."
"Mays, Co",Construction,281-508-2438,7780 Market St,Houston,"info@mays,co.hotmail.com",7071076,163,0.0,"construction industry contributes significantly to many countries' gross domestic products (GDP) in 2022, expenditure on construction industry exceeded $11 trillion a year, equivalent to about 13 percent of global GDP ."
Mcguire Partners,Real Estate,521-299-5667,8574 Main St,Chicago,info@mcguirepartners.yahoo.com,5611351,164,0.0,"real estate is a property consisting of land and the buildings on it, along with its natural resources such as growing crops (e.g. timber), minerals or water, and wild animals . in terms of law, real relates to land property and is different from personal property, while estate means the ""interest"" a person has in that land property, such as vehicles, boats, jewelry, furniture, tools, and rolling stock of a farm ."
Ballard-Perry LLC,Education,830-793-4221,5588 Sunset Blvd,Chicago,info@ballard-perryllc.yahoo.com,8749759,165,0.0,"formal and non-formal education are categorized into levels, including early childhood education, primary education, secondary education, and tertiary education . the term ""education"" can denote the mental states and qualities of educated individuals and the academic field studying educational phenomena ."
Coleman Partners,Healthcare,514-344-2630,7191 Sunset Blvd,Los Angeles,info@colemanpartners.gmail.com,4024433,166,0.0,"health care is the improvement or maintenance of health through prevention, diagnosis, treatment, amelioration or cure of disease, illness, injury, and other physical and mental impairments in people . access to health care may vary across countries, communities, and individuals . factors to consider in terms of health care access include financial limitations, geographical and l..."
Williams-Brown Systems,Technology,308-137-8342,9820 Main St,Miami,info@williams-brownsystems.gmail.com,4280751,167,0.0,"technology is the application of conceptual knowledge to achieve practical goals . technology plays a critical role in science, engineering, and everyday life . technological advancements have led to significant changes in society ."
"Myers, Partners",Education,733-435-8022,7921 Main St,Seattle,"info@myers,partners.hotmail.com",4724409,168,0.0,"formal and non-formal education are categorized into levels, including early childhood education, primary education, secondary education, and tertiary education . the term ""education"" can denote the mental states and qualities of educated individuals and the academic field studying educational phenomena ."
Graves-Horn Systems,Healthcare,935-405-5018,1148 Oak Ave,Miami,info@graves-hornsystems.gmail.com,3361469,169,0.0,"health care is the improvement or maintenance of health through prevention, diagnosis, treatment, amelioration or cure of disease, illness, injury, and other physical and mental impairments in people . access to health care may vary across countries, communities, and individuals . factors to consider in terms of health care access include financial limitations, geographical and l..."
Jimenez-Bryan Solutions,Healthcare,363-564-9699,5597 Pine Rd,Miami,info@jimenez-bryansolutions.yahoo.com,9587640,170,0.0,"health care is the improvement or maintenance of health through prevention, diagnosis, treatment, amelioration or cure of disease, illness, injury, and other physical and mental impairments in people . access to health care may vary across countries, communities, and individuals . factors to consider in terms of health care access include financial limitations, geographical and l..."
Oliver-Powell Partners,Real Estate,878-703-7913,2282 Oak Ave,Seattle,info@oliver-powellpartners.yahoo.com,4802619,171,0.0,"real estate is a property consisting of land and the buildings on it, along with its natural resources such as growing crops (e.g. timber), minerals or water, and wild animals . in terms of law, real relates to land property and is different from personal property, while estate means the ""interest"" a person has in that land property, such as vehicles, boats, jewelry, furniture, tools, and rolling stock of a farm ."
Marshall Group,Hospitality,932-996-9889,9458 Pine Rd,New York,info@marshallgroup.hotmail.com,7147408,172,0.0,"hospitality in the Encyclopédie is the virtue of a great soul that cares for the whole universe through the ties of humanity . hospitality plays a role in augmenting or decreasing the volume of sales of an organization . hospes is formed from hostis, which means ""stranger"" or ""enemy"""
Buck Inc,Hospitality,524-861-8555,6937 Market St,New York,info@buckinc.hotmail.com,5363527,173,0.0,"hospitality in the Encyclopédie is the virtue of a great soul that cares for the whole universe through the ties of humanity . hospitality plays a role in augmenting or decreasing the volume of sales of an organization . hospes is formed from hostis, which means ""stranger"" or ""enemy"""
Robinson Group,Construction,868-269-4047,7409 Sunset Blvd,New York,info@robinsongroup.hotmail.com,6311123,174,0.0,"construction industry contributes significantly to many countries' gross domestic products (GDP) in 2022, expenditure on construction industry exceeded $11 trillion a year, equivalent to about 13 percent of global GDP ."
Gross Corp,Retail,665-522-1027,7378 Main St,Los Angeles,info@grosscorp.hotmail.com,2610918,175,0.0,"retailers are the final link in the supply chain from producers to consumers . retail markets and shops have a long history, dating back to antiquity . some of the earliest retailers were itinerant peddlers ."
Ramos-Booth Corp,Real Estate,805-265-2936,1539 Market St,Chicago,info@ramos-boothcorp.gmail.com,6092622,176,0.0,"real estate is a property consisting of land and the buildings on it, along with its natural resources such as growing crops (e.g. timber), minerals or water, and wild animals . in terms of law, real relates to land property and is different from personal property, while estate means the ""interest"" a person has in that land property, such as vehicles, boats, jewelry, furniture, tools, and rolling stock of a farm ."
"Thompson, Group",Construction,950-428-3527,4093 Lakeshore Dr,San Francisco,"info@thompson,group.hotmail.com",2209764,177,0.0,"construction industry contributes significantly to many countries' gross domestic products (GDP) in 2022, expenditure on construction industry exceeded $11 trillion a year, equivalent to about 13 percent of global GDP ."
Walker-Li Inc,Construction,245-309-2273,1450 Pine Rd,Chicago,info@walker-liinc.gmail.com,8465138,178,0.0,"construction industry contributes significantly to many countries' gross domestic products (GDP) in 2022, expenditure on construction industry exceeded $11 trillion a year, equivalent to about 13 percent of global GDP ."
"Brown, Corp",Technology,710-487-3173,1852 Sunset Blvd,Chicago,"info@brown,corp.hotmail.com",7830003,179,0.0,"technology is the application of conceptual knowledge to achieve practical goals . technology plays a critical role in science, engineering, and everyday life . technological advancements have led to significant changes in society ."
James-Brown Partners,Retail,803-266-6385,922 Pine Rd,Boston,info@james-brownpartners.gmail.com,983395,180,0.0,"retailers are the final link in the supply chain from producers to consumers . retail markets and shops have a long history, dating back to antiquity . some of the earliest retailers were itinerant peddlers ."
Gutierrez Partners,Retail,337-714-8631,972 5th Ave,Boston,info@gutierrezpartners.yahoo.com,6749496,181,0.0,"retailers are the final link in the supply chain from producers to consumers . retail markets and shops have a long history, dating back to antiquity . some of the earliest retailers were itinerant peddlers ."
Aguilar Co,Hospitality,807-839-3783,9873 Pine Rd,Chicago,info@aguilarco.yahoo.com,310087,182,0.0,"hospitality in the Encyclopédie is the virtue of a great soul that cares for the whole universe through the ties of humanity . hospitality plays a role in augmenting or decreasing the volume of sales of an organization . hospes is formed from hostis, which means ""stranger"" or ""enemy"""
"Perez, Inc",Technology,602-270-7847,8249 Main St,Houston,"info@perez,inc.gmail.com",1127231,183,0.0,"technology is the application of conceptual knowledge to achieve practical goals . technology plays a critical role in science, engineering, and everyday life . technological advancements have led to significant changes in society ."
"Bruce, Corp",Education,461-277-4600,4254 Market St,Houston,"info@bruce,corp.hotmail.com",6647704,184,0.0,"formal and non-formal education are categorized into levels, including early childhood education, primary education, secondary education, and tertiary education . the term ""education"" can denote the mental states and qualities of educated individuals and the academic field studying educational phenomena ."
Wilcox Co,Hospitality,479-436-1509,886 Sunset Blvd,Los Angeles,info@wilcoxco.hotmail.com,8318548,185,0.0,"hospitality in the Encyclopédie is the virtue of a great soul that cares for the whole universe through the ties of humanity . hospitality plays a role in augmenting or decreasing the volume of sales of an organization . hospes is formed from hostis, which means ""stranger"" or ""enemy"""
Simon Systems,Education,491-646-7236,1475 Pine Rd,Houston,info@simonsystems.yahoo.com,1209024,186,0.0,"formal and non-formal education are categorized into levels, including early childhood education, primary education, secondary education, and tertiary education . the term ""education"" can denote the mental states and qualities of educated individuals and the academic field studying educational phenomena ."
Lewis-Edwards Co,Healthcare,734-581-4628,6987 Oak Ave,Boston,info@lewis-edwardsco.hotmail.com,974357,187,0.0,"health care is the improvement or maintenance of health through prevention, diagnosis, treatment, amelioration or cure of disease, illness, injury, and other physical and mental impairments in people . access to health care may vary across countries, communities, and individuals . factors to consider in terms of health care access include financial limitations, geographical and l..."
Sheppard-Malone Co,Construction,259-213-1387,4491 Lakeshore Dr,Chicago,info@sheppard-maloneco.yahoo.com,430876,188,0.0,"construction industry contributes significantly to many countries' gross domestic products (GDP) in 2022, expenditure on construction industry exceeded $11 trillion a year, equivalent to about 13 percent of global GDP ."
Fernandez-Miller Co,Retail,967-663-1804,3052 Broadway,San Francisco,info@fernandez-millerco.hotmail.com,5996027,189,0.0,"retailers are the final link in the supply chain from producers to consumers . retail markets and shops have a long history, dating back to antiquity . some of the earliest retailers were itinerant peddlers ."
"Ramsey, Systems",Technology,847-184-9591,9685 Sunset Blvd,Houston,"info@ramsey,systems.gmail.com",5188122,190,0.0,"technology is the application of conceptual knowledge to achieve practical goals . technology plays a critical role in science, engineering, and everyday life . technological advancements have led to significant changes in society ."
"Johnson, Inc",Education,954-412-9075,2229 Lakeshore Dr,Houston,"info@johnson,inc.gmail.com",6857260,191,0.0,"formal and non-formal education are categorized into levels, including early childhood education, primary education, secondary education, and tertiary education . the term ""education"" can denote the mental states and qualities of educated individuals and the academic field studying educational phenomena ."
Booker LLC,Technology,723-772-4167,8418 5th Ave,New York,info@bookerllc.hotmail.com,7931638,192,0.0,"technology is the application of conceptual knowledge to achieve practical goals . technology plays a critical role in science, engineering, and everyday life . technological advancements have led to significant changes in society ."
Diaz Group,Construction,713-277-7200,2133 Market St,Chicago,info@diazgroup.hotmail.com,9977998,193,0.0,"construction industry contributes significantly to many countries' gross domestic products (GDP) in 2022, expenditure on construction industry exceeded $11 trillion a year, equivalent to about 13 percent of global GDP ."
Chambers-Kelly Corp,Finance,668-899-8929,4709 Market St,New York,info@chambers-kellycorp.gmail.com,2320867,194,0.0,"finance refers to monetary resources and to the study and discipline of money, currency, assets and liabilities . the discipline can be divided into personal, corporate, and public finance . assets can also be banked, invested, and insured to maximize value ."
Williams-Odom Co,Construction,881-588-5827,764 Broadway,Los Angeles,info@williams-odomco.hotmail.com,4447134,195,0.0,"construction industry contributes significantly to many countries' gross domestic products (GDP) in 2022, expenditure on construction industry exceeded $11 trillion a year, equivalent to about 13 percent of global GDP ."
"Barnett, LLC",Construction,503-377-8123,7589 Lakeshore Dr,Houston,"info@barnett,llc.hotmail.com",2333760,196,0.0,"construction industry contributes significantly to many countries' gross domestic products (GDP) in 2022, expenditure on construction industry exceeded $11 trillion a year, equivalent to about 13 percent of global GDP ."
Donaldson-Murphy LLC,Retail,872-212-1761,3121 Main St,Miami,info@donaldson-murphyllc.yahoo.com,6825936,197,0.0,"retailers are the final link in the supply chain from producers to consumers . retail markets and shops have a long history, dating back to antiquity . some of the earliest retailers were itinerant peddlers ."
Allen Co,Hospitality,697-680-1765,3876 Oak Ave,Seattle,info@allenco.gmail.com,4580747,198,0.0,"hospitality in the Encyclopédie is the virtue of a great soul that cares for the whole universe through the ties of humanity . hospitality plays a role in augmenting or decreasing the volume of sales of an organization . hospes is formed from hostis, which means ""stranger"" or ""enemy"""
Norris-Marshall Inc,Healthcare,937-269-2892,7734 Sunset Blvd,San Francisco,info@norris-marshallinc.hotmail.com,6862716,199,0.0,"health care is the improvement or maintenance of health through prevention, diagnosis, treatment, amelioration or cure of disease, illness, injury, and other physical and mental impairments in people . access to health care may vary across countries, communities, and individuals . factors to consider in terms of health care access include financial limitations, geographical and l..."
Robinson-Garcia Partners,Education,299-752-1591,9357 Lakeshore Dr,Houston,info@robinson-garciapartners.yahoo.com,246732,200,0.0,"formal and non-formal education are categorized into levels, including early childhood education, primary education, secondary education, and tertiary education . the term ""education"" can denote the mental states and qualities of educated individuals and the academic field studying educational phenomena ."
